year;month;avgRatio;count
2021;12;0.1572576957233637;2361604
2022;1;0.15498785301824372;1874784
2022;2;0.15479264381681132;2296164
